,accuracy,fn,fp,map,precision,recall,roc_auc,tn,tp
0,0.6178010471204188,82,64,0.3708832506802291,0.37254901960784315,0.31666666666666665,0.5907442748091604,198,38
1,0.5121359223300971,182,19,0.6672651012611734,0.7564102564102564,0.24481327800829875,0.6011016476183544,152,59
2,0.6657534246575343,60,62,0.7496237866167181,0.6945812807881774,0.7014925373134329,0.7265198398252639,102,141
3,0.761384335154827,62,69,0.7290638315804101,0.676056338028169,0.6990291262135923,0.8402870163321916,274,144
4,0.7038539553752535,49,97,0.8679367888312779,0.7512820512820513,0.8567251461988304,0.7255915727508617,54,293
5,0.5267489711934157,152,78,0.4451717589992531,0.4222222222222222,0.2727272727272727,0.5288722298032578,199,57
6,0.46292585170340683,194,74,0.5149808270938044,0.4676258992805755,0.25096525096525096,0.4448841698841699,166,65
test_set,0.7520215633423181,68,24,0.587660922119091,0.625,0.37037037037037035,0.8069286016054078,239,40
