,accuracy,fn,fp,map,precision,recall,roc_auc,tn,tp
0,0.6858638743455497,99,21,0.47501966421824476,0.5,0.175,0.6504770992366412,241,21
1,0.7063106796116505,74,47,0.8061768204725914,0.780373831775701,0.6929460580912863,0.774259299701536,124,167
2,0.6602739726027397,51,73,0.7351365157584099,0.672645739910314,0.746268656716418,0.7000060672248513,91,150
3,0.7413479052823315,109,33,0.6737305399252076,0.7461538461538462,0.470873786407767,0.8197514789549661,310,97
4,0.7342799188640974,63,68,0.8742168194660793,0.8040345821325648,0.8157894736842105,0.7578908640254056,83,279
5,0.5534979423868313,180,37,0.4442551061500285,0.4393939393939394,0.13875598086124402,0.5315841293420621,240,29
6,0.501002004008016,182,67,0.55773615850109,0.5347222222222222,0.2972972972972973,0.49449806949806946,173,77
test_set,0.7574123989218329,59,31,0.5300437195726585,0.6125,0.4537037037037037,0.7923883960005633,232,49
